Model,Accuracy,F1_macro,Precision_macro,Recall_macro
ResNet50,0.358974358974359,0.20321430853345746,0.3289828431372549,0.26843827913055895
MobileNetV2,0.7326007326007326,0.5482746610349826,0.5828113471470733,0.5667292716948389
EfficientNetB0,0.34065934065934067,0.12704918032786885,0.08516483516483517,0.25
